file,original,basic size,basic dedup ratio,opt size,opt dedup ratio
0,0,0,0,0,0
32,18818871371.0,18819083264.0,0.999988740524869,20118024192.0,0.9354234387730475
